Cichlid Staple Medium,Pet Care
Ammo Lock,Pet Care
Millet Spray,Pet Care
Carrot Slims For Rabbits,Pet Care
Premium Reptile Sticks,Pet Care
Air Kong Squeaker Dumbell Medium Asdb2,Pet Care
Parakeet Fruit Stick,Pet Care
Squirrel Be Gone Feeder Nickel,Pet Care
Instant Ocean Salt,Pet Care
Freshwater Master Test Kit,Pet Care
Hamster Potty,Pet Care
Timothy Hay Plus Mint,Pet Care
Wood Perch Regular,Pet Care
Ourpets Ss450Qb Durapet Premium Stainless Steel Pet Bowl,Pet Care
Happy Traveler,Pet Care
Tetra Cichlid Flakes,Pet Care
Tetramarine Color Flakes,Pet Care
Dog Waste Bags On A Roll,Pet Care
Living Deluxe Comb,Pet Care
Corp Bones Advanced Oral Care Treat Holder With Treats Npd801P,Pet Care
Cichlid Staple Medium,Pet Care
Ammo Lock,Pet Care
Millet Spray,Pet Care
Carrot Slims For Rabbits,Pet Care
Premium Reptile Sticks,Pet Care
Air Kong Squeaker Dumbell Medium Asdb2,Pet Care
Parakeet Fruit Stick,Pet Care
Squirrel Be Gone Feeder Nickel,Pet Care
Instant Ocean Salt,Pet Care
Freshwater Master Test Kit,Pet Care
Hamster Potty,Pet Care
Timothy Hay Plus Mint,Pet Care
Wood Perch Regular,Pet Care
Ourpets Ss450Qb Durapet Premium Stainless Steel Pet Bowl,Pet Care
Happy Traveler,Pet Care
Tetra Cichlid Flakes,Pet Care
Tetramarine Color Flakes,Pet Care
Dog Waste Bags On A Roll,Pet Care
Living Deluxe Comb,Pet Care
Corp Bones Advanced Oral Care Treat Holder With Treats Npd801P,Pet Care
Cichlid Staple Medium,Pet Care
Ammo Lock,Pet Care
Millet Spray,Pet Care
Carrot Slims For Rabbits,Pet Care
Premium Reptile Sticks,Pet Care
Air Kong Squeaker Dumbell Medium Asdb2,Pet Care
Parakeet Fruit Stick,Pet Care
Squirrel Be Gone Feeder Nickel,Pet Care
Instant Ocean Salt,Pet Care
Freshwater Master Test Kit,Pet Care
Hamster Potty,Pet Care
Timothy Hay Plus Mint,Pet Care
Wood Perch Regular,Pet Care
Ourpets Ss450Qb Durapet Premium Stainless Steel Pet Bowl,Pet Care
Happy Traveler,Pet Care
Tetra Cichlid Flakes,Pet Care
Tetramarine Color Flakes,Pet Care
Dog Waste Bags On A Roll,Pet Care
Living Deluxe Comb,Pet Care
Corp Bones Advanced Oral Care Treat Holder With Treats Npd801P,Pet Care
Cichlid Staple Medium,Pet Care
Ammo Lock,Pet Care
Millet Spray,Pet Care
Carrot Slims For Rabbits,Pet Care
Premium Reptile Sticks,Pet Care
Air Kong Squeaker Dumbell Medium Asdb2,Pet Care
Parakeet Fruit Stick,Pet Care
Squirrel Be Gone Feeder Nickel,Pet Care
Instant Ocean Salt,Pet Care
Freshwater Master Test Kit,Pet Care
Hamster Potty,Pet Care
Timothy Hay Plus Mint,Pet Care
Wood Perch Regular,Pet Care
Ourpets Ss450Qb Durapet Premium Stainless Steel Pet Bowl,Pet Care
Happy Traveler,Pet Care
Tetra Cichlid Flakes,Pet Care
Tetramarine Color Flakes,Pet Care
Dog Waste Bags On A Roll,Pet Care
Living Deluxe Comb,Pet Care
Corp Bones Advanced Oral Care Treat Holder With Treats Npd801P,Pet Care
Cichlid Staple Medium,Pet Care
Ammo Lock,Pet Care
Millet Spray,Pet Care
Carrot Slims For Rabbits,Pet Care
Premium Reptile Sticks,Pet Care
Air Kong Squeaker Dumbell Medium Asdb2,Pet Care
Parakeet Fruit Stick,Pet Care
Squirrel Be Gone Feeder Nickel,Pet Care
Instant Ocean Salt,Pet Care
Freshwater Master Test Kit,Pet Care
Hamster Potty,Pet Care
Timothy Hay Plus Mint,Pet Care
Wood Perch Regular,Pet Care
Ourpets Ss450Qb Durapet Premium Stainless Steel Pet Bowl,Pet Care
Happy Traveler,Pet Care
Tetra Cichlid Flakes,Pet Care
Tetramarine Color Flakes,Pet Care
Dog Waste Bags On A Roll,Pet Care
Living Deluxe Comb,Pet Care
Corp Bones Advanced Oral Care Treat Holder With Treats Npd801P,Pet Care
Cichlid Staple Medium,Pet Care
Ammo Lock,Pet Care
Millet Spray,Pet Care
Carrot Slims For Rabbits,Pet Care
Premium Reptile Sticks,Pet Care
Air Kong Squeaker Dumbell Medium Asdb2,Pet Care
Parakeet Fruit Stick,Pet Care
Squirrel Be Gone Feeder Nickel,Pet Care
Instant Ocean Salt,Pet Care
Freshwater Master Test Kit,Pet Care
Hamster Potty,Pet Care
Timothy Hay Plus Mint,Pet Care
Wood Perch Regular,Pet Care
Ourpets Ss450Qb Durapet Premium Stainless Steel Pet Bowl,Pet Care
Happy Traveler,Pet Care
Tetra Cichlid Flakes,Pet Care
Tetramarine Color Flakes,Pet Care
Dog Waste Bags On A Roll,Pet Care
Living Deluxe Comb,Pet Care
Corp Bones Advanced Oral Care Treat Holder With Treats Npd801P,Pet Care
Cichlid Staple Medium,Pet Care
Ammo Lock,Pet Care
Millet Spray,Pet Care
Carrot Slims For Rabbits,Pet Care
Premium Reptile Sticks,Pet Care
Air Kong Squeaker Dumbell Medium Asdb2,Pet Care
Parakeet Fruit Stick,Pet Care
Squirrel Be Gone Feeder Nickel,Pet Care
Instant Ocean Salt,Pet Care
Freshwater Master Test Kit,Pet Care
Hamster Potty,Pet Care
Timothy Hay Plus Mint,Pet Care
Wood Perch Regular,Pet Care
Ourpets Ss450Qb Durapet Premium Stainless Steel Pet Bowl,Pet Care
Happy Traveler,Pet Care
Tetra Cichlid Flakes,Pet Care
Tetramarine Color Flakes,Pet Care
Dog Waste Bags On A Roll,Pet Care
Living Deluxe Comb,Pet Care
Corp Bones Advanced Oral Care Treat Holder With Treats Npd801P,Pet Care
Cichlid Staple Medium,Pet Care
Ammo Lock,Pet Care
Millet Spray,Pet Care
Carrot Slims For Rabbits,Pet Care
Premium Reptile Sticks,Pet Care
Air Kong Squeaker Dumbell Medium Asdb2,Pet Care
Parakeet Fruit Stick,Pet Care
Squirrel Be Gone Feeder Nickel,Pet Care
Instant Ocean Salt,Pet Care
Freshwater Master Test Kit,Pet Care
Hamster Potty,Pet Care
Timothy Hay Plus Mint,Pet Care
Wood Perch Regular,Pet Care
Ourpets Ss450Qb Durapet Premium Stainless Steel Pet Bowl,Pet Care
Happy Traveler,Pet Care
Tetra Cichlid Flakes,Pet Care
Tetramarine Color Flakes,Pet Care
Dog Waste Bags On A Roll,Pet Care
Living Deluxe Comb,Pet Care
Corp Bones Advanced Oral Care Treat Holder With Treats Npd801P,Pet Care
Cichlid Staple Medium,Pet Care
Ammo Lock,Pet Care
Millet Spray,Pet Care
Carrot Slims For Rabbits,Pet Care
Premium Reptile Sticks,Pet Care
Air Kong Squeaker Dumbell Medium Asdb2,Pet Care
Parakeet Fruit Stick,Pet Care
Squirrel Be Gone Feeder Nickel,Pet Care
Instant Ocean Salt,Pet Care
Freshwater Master Test Kit,Pet Care
Hamster Potty,Pet Care
Timothy Hay Plus Mint,Pet Care
Wood Perch Regular,Pet Care
Ourpets Ss450Qb Durapet Premium Stainless Steel Pet Bowl,Pet Care
Happy Traveler,Pet Care
Tetra Cichlid Flakes,Pet Care
Tetramarine Color Flakes,Pet Care
Dog Waste Bags On A Roll,Pet Care
Living Deluxe Comb,Pet Care
Corp Bones Advanced Oral Care Treat Holder With Treats Npd801P,Pet Care
Cichlid Staple Medium,Pet Care
Ammo Lock,Pet Care
Millet Spray,Pet Care
Carrot Slims For Rabbits,Pet Care
Premium Reptile Sticks,Pet Care
Air Kong Squeaker Dumbell Medium Asdb2,Pet Care
Parakeet Fruit Stick,Pet Care
Squirrel Be Gone Feeder Nickel,Pet Care
Instant Ocean Salt,Pet Care
Freshwater Master Test Kit,Pet Care
Hamster Potty,Pet Care
Timothy Hay Plus Mint,Pet Care
Wood Perch Regular,Pet Care
Ourpets Ss450Qb Durapet Premium Stainless Steel Pet Bowl,Pet Care
Happy Traveler,Pet Care
Tetra Cichlid Flakes,Pet Care
Tetramarine Color Flakes,Pet Care
Dog Waste Bags On A Roll,Pet Care
Living Deluxe Comb,Pet Care
Corp Bones Advanced Oral Care Treat Holder With Treats Npd801P,Pet Care
Cichlid Staple Medium,Pet Care
Ammo Lock,Pet Care
Millet Spray,Pet Care
Carrot Slims For Rabbits,Pet Care
Premium Reptile Sticks,Pet Care
Air Kong Squeaker Dumbell Medium Asdb2,Pet Care
Parakeet Fruit Stick,Pet Care
Squirrel Be Gone Feeder Nickel,Pet Care
Instant Ocean Salt,Pet Care
Freshwater Master Test Kit,Pet Care
Hamster Potty,Pet Care
Timothy Hay Plus Mint,Pet Care
Wood Perch Regular,Pet Care
Ourpets Ss450Qb Durapet Premium Stainless Steel Pet Bowl,Pet Care
Happy Traveler,Pet Care
Tetra Cichlid Flakes,Pet Care
Tetramarine Color Flakes,Pet Care
Dog Waste Bags On A Roll,Pet Care
Living Deluxe Comb,Pet Care
Corp Bones Advanced Oral Care Treat Holder With Treats Npd801P,Pet Care
Cichlid Staple Medium,Pet Care
Ammo Lock,Pet Care
Millet Spray,Pet Care
Carrot Slims For Rabbits,Pet Care
Premium Reptile Sticks,Pet Care
Air Kong Squeaker Dumbell Medium Asdb2,Pet Care
Parakeet Fruit Stick,Pet Care
Squirrel Be Gone Feeder Nickel,Pet Care
Instant Ocean Salt,Pet Care
Freshwater Master Test Kit,Pet Care
Hamster Potty,Pet Care
Timothy Hay Plus Mint,Pet Care
Wood Perch Regular,Pet Care
Ourpets Ss450Qb Durapet Premium Stainless Steel Pet Bowl,Pet Care
Happy Traveler,Pet Care
Tetra Cichlid Flakes,Pet Care
Tetramarine Color Flakes,Pet Care
Dog Waste Bags On A Roll,Pet Care
Living Deluxe Comb,Pet Care
Corp Bones Advanced Oral Care Treat Holder With Treats Npd801P,Pet Care
Cichlid Staple Medium,Pet Care
Ammo Lock,Pet Care
Millet Spray,Pet Care
Carrot Slims For Rabbits,Pet Care
Premium Reptile Sticks,Pet Care
Air Kong Squeaker Dumbell Medium Asdb2,Pet Care
Parakeet Fruit Stick,Pet Care
Squirrel Be Gone Feeder Nickel,Pet Care
Instant Ocean Salt,Pet Care
Freshwater Master Test Kit,Pet Care
Hamster Potty,Pet Care
Timothy Hay Plus Mint,Pet Care
Wood Perch Regular,Pet Care
Ourpets Ss450Qb Durapet Premium Stainless Steel Pet Bowl,Pet Care
Happy Traveler,Pet Care
Tetra Cichlid Flakes,Pet Care
Tetramarine Color Flakes,Pet Care
Dog Waste Bags On A Roll,Pet Care
Living Deluxe Comb,Pet Care
Corp Bones Advanced Oral Care Treat Holder With Treats Npd801P,Pet Care
Cichlid Staple Medium,Pet Care
Ammo Lock,Pet Care
Millet Spray,Pet Care
Carrot Slims For Rabbits,Pet Care
Premium Reptile Sticks,Pet Care
Air Kong Squeaker Dumbell Medium Asdb2,Pet Care
Parakeet Fruit Stick,Pet Care
Squirrel Be Gone Feeder Nickel,Pet Care
Instant Ocean Salt,Pet Care
Freshwater Master Test Kit,Pet Care
Hamster Potty,Pet Care
Timothy Hay Plus Mint,Pet Care
Wood Perch Regular,Pet Care
Ourpets Ss450Qb Durapet Premium Stainless Steel Pet Bowl,Pet Care
Happy Traveler,Pet Care
Tetra Cichlid Flakes,Pet Care
Tetramarine Color Flakes,Pet Care
Dog Waste Bags On A Roll,Pet Care
Living Deluxe Comb,Pet Care
Corp Bones Advanced Oral Care Treat Holder With Treats Npd801P,Pet Care
Chicken A' L'Orange With Rice,Frozen Foods
Pizza Classic Crust Pepperoni,Frozen Foods
Salmon With Basil Spa Cuisine Classics,Frozen Foods
Potato Bake Cheddar,Frozen Foods
Ravioli Large Cheese,Frozen Foods
Grape Juice Cocktail,Frozen Foods
Corner Bistro Stromboli Pepperoni & Provolone,Frozen Foods
Ice Cream Cookies 'n Cream Truffle Bar,Frozen Foods
Ice Cream Snacks Dibs Bite Size,Frozen Foods
Whole Life Meals Savory Turkey,Frozen Foods
Non-Dairy Frozen Vanilla Nutty Bar Dessert,Frozen Foods
Pizza Original Deluxe,Frozen Foods
Pizza For One Cheese,Frozen Foods
Chicken & Spinach Lasagna,Frozen Foods
Ice Cream Bars With Chocolaty Coating,Frozen Foods
Green Bean Casserole,Frozen Foods
Dinner Chicken Parmigiana & Penne,Frozen Foods
Rigatoni With Chicken & Pesto,Frozen Foods
Crunchy Fish Sticks,Frozen Foods
Ice Cream Candy Bars,Frozen Foods
Chicken A' L'Orange With Rice,Frozen Foods
Pizza Classic Crust Pepperoni,Frozen Foods
Salmon With Basil Spa Cuisine Classics,Frozen Foods
Potato Bake Cheddar,Frozen Foods
Ravioli Large Cheese,Frozen Foods
Grape Juice Cocktail,Frozen Foods
Corner Bistro Stromboli Pepperoni & Provolone,Frozen Foods
Ice Cream Cookies 'n Cream Truffle Bar,Frozen Foods
Ice Cream Snacks Dibs Bite Size,Frozen Foods
Whole Life Meals Savory Turkey,Frozen Foods
Non-Dairy Frozen Vanilla Nutty Bar Dessert,Frozen Foods
Pizza Original Deluxe,Frozen Foods
Pizza For One Cheese,Frozen Foods
Chicken & Spinach Lasagna,Frozen Foods
Ice Cream Bars With Chocolaty Coating,Frozen Foods
Green Bean Casserole,Frozen Foods
Dinner Chicken Parmigiana & Penne,Frozen Foods
Rigatoni With Chicken & Pesto,Frozen Foods
Crunchy Fish Sticks,Frozen Foods
Ice Cream Candy Bars,Frozen Foods
Chicken A' L'Orange With Rice,Frozen Foods
Pizza Classic Crust Pepperoni,Frozen Foods
Salmon With Basil Spa Cuisine Classics,Frozen Foods
Potato Bake Cheddar,Frozen Foods
Ravioli Large Cheese,Frozen Foods
Grape Juice Cocktail,Frozen Foods
Corner Bistro Stromboli Pepperoni & Provolone,Frozen Foods
Ice Cream Cookies 'n Cream Truffle Bar,Frozen Foods
Ice Cream Snacks Dibs Bite Size,Frozen Foods
Whole Life Meals Savory Turkey,Frozen Foods
Non-Dairy Frozen Vanilla Nutty Bar Dessert,Frozen Foods
Pizza Original Deluxe,Frozen Foods
Pizza For One Cheese,Frozen Foods
Chicken & Spinach Lasagna,Frozen Foods
Ice Cream Bars With Chocolaty Coating,Frozen Foods
Green Bean Casserole,Frozen Foods
Dinner Chicken Parmigiana & Penne,Frozen Foods
Rigatoni With Chicken & Pesto,Frozen Foods
Crunchy Fish Sticks,Frozen Foods
Ice Cream Candy Bars,Frozen Foods
Chicken A' L'Orange With Rice,Frozen Foods
Pizza Classic Crust Pepperoni,Frozen Foods
Salmon With Basil Spa Cuisine Classics,Frozen Foods
Potato Bake Cheddar,Frozen Foods
Ravioli Large Cheese,Frozen Foods
Grape Juice Cocktail,Frozen Foods
Corner Bistro Stromboli Pepperoni & Provolone,Frozen Foods
Ice Cream Cookies 'n Cream Truffle Bar,Frozen Foods
Ice Cream Snacks Dibs Bite Size,Frozen Foods
Whole Life Meals Savory Turkey,Frozen Foods
Non-Dairy Frozen Vanilla Nutty Bar Dessert,Frozen Foods
Pizza Original Deluxe,Frozen Foods
Pizza For One Cheese,Frozen Foods
Chicken & Spinach Lasagna,Frozen Foods
Ice Cream Bars With Chocolaty Coating,Frozen Foods
Green Bean Casserole,Frozen Foods
Dinner Chicken Parmigiana & Penne,Frozen Foods
Rigatoni With Chicken & Pesto,Frozen Foods
Crunchy Fish Sticks,Frozen Foods
Ice Cream Candy Bars,Frozen Foods
Chicken A' L'Orange With Rice,Frozen Foods
Pizza Classic Crust Pepperoni,Frozen Foods
Salmon With Basil Spa Cuisine Classics,Frozen Foods
Potato Bake Cheddar,Frozen Foods
Ravioli Large Cheese,Frozen Foods
Grape Juice Cocktail,Frozen Foods
Corner Bistro Stromboli Pepperoni & Provolone,Frozen Foods
Ice Cream Cookies 'n Cream Truffle Bar,Frozen Foods
Ice Cream Snacks Dibs Bite Size,Frozen Foods
Whole Life Meals Savory Turkey,Frozen Foods
Non-Dairy Frozen Vanilla Nutty Bar Dessert,Frozen Foods
Pizza Original Deluxe,Frozen Foods
Pizza For One Cheese,Frozen Foods
Chicken & Spinach Lasagna,Frozen Foods
Ice Cream Bars With Chocolaty Coating,Frozen Foods
Green Bean Casserole,Frozen Foods
Dinner Chicken Parmigiana & Penne,Frozen Foods
Rigatoni With Chicken & Pesto,Frozen Foods
Crunchy Fish Sticks,Frozen Foods
Ice Cream Candy Bars,Frozen Foods
Chicken A' L'Orange With Rice,Frozen Foods
Pizza Classic Crust Pepperoni,Frozen Foods
Salmon With Basil Spa Cuisine Classics,Frozen Foods
Potato Bake Cheddar,Frozen Foods
Ravioli Large Cheese,Frozen Foods
Grape Juice Cocktail,Frozen Foods
Corner Bistro Stromboli Pepperoni & Provolone,Frozen Foods
Ice Cream Cookies 'n Cream Truffle Bar,Frozen Foods
Ice Cream Snacks Dibs Bite Size,Frozen Foods
Whole Life Meals Savory Turkey,Frozen Foods
Non-Dairy Frozen Vanilla Nutty Bar Dessert,Frozen Foods
Pizza Original Deluxe,Frozen Foods
Pizza For One Cheese,Frozen Foods
Chicken & Spinach Lasagna,Frozen Foods
Ice Cream Bars With Chocolaty Coating,Frozen Foods
Green Bean Casserole,Frozen Foods
Dinner Chicken Parmigiana & Penne,Frozen Foods
Rigatoni With Chicken & Pesto,Frozen Foods
Crunchy Fish Sticks,Frozen Foods
Ice Cream Candy Bars,Frozen Foods
Chicken A' L'Orange With Rice,Frozen Foods
Pizza Classic Crust Pepperoni,Frozen Foods
Salmon With Basil Spa Cuisine Classics,Frozen Foods
Potato Bake Cheddar,Frozen Foods
Ravioli Large Cheese,Frozen Foods
Grape Juice Cocktail,Frozen Foods
Corner Bistro Stromboli Pepperoni & Provolone,Frozen Foods
Ice Cream Cookies 'n Cream Truffle Bar,Frozen Foods
Ice Cream Snacks Dibs Bite Size,Frozen Foods
Whole Life Meals Savory Turkey,Frozen Foods
Non-Dairy Frozen Vanilla Nutty Bar Dessert,Frozen Foods
Pizza Original Deluxe,Frozen Foods
Pizza For One Cheese,Frozen Foods
Chicken & Spinach Lasagna,Frozen Foods
Ice Cream Bars With Chocolaty Coating,Frozen Foods
Green Bean Casserole,Frozen Foods
Dinner Chicken Parmigiana & Penne,Frozen Foods
Rigatoni With Chicken & Pesto,Frozen Foods
Crunchy Fish Sticks,Frozen Foods
Ice Cream Candy Bars,Frozen Foods
Chicken A' L'Orange With Rice,Frozen Foods
Pizza Classic Crust Pepperoni,Frozen Foods
Salmon With Basil Spa Cuisine Classics,Frozen Foods
Potato Bake Cheddar,Frozen Foods
Ravioli Large Cheese,Frozen Foods
Grape Juice Cocktail,Frozen Foods
Corner Bistro Stromboli Pepperoni & Provolone,Frozen Foods
Ice Cream Cookies 'n Cream Truffle Bar,Frozen Foods
Ice Cream Snacks Dibs Bite Size,Frozen Foods
Whole Life Meals Savory Turkey,Frozen Foods
Non-Dairy Frozen Vanilla Nutty Bar Dessert,Frozen Foods
Pizza Original Deluxe,Frozen Foods
Pizza For One Cheese,Frozen Foods
Chicken & Spinach Lasagna,Frozen Foods
Ice Cream Bars With Chocolaty Coating,Frozen Foods
Green Bean Casserole,Frozen Foods
Dinner Chicken Parmigiana & Penne,Frozen Foods
Rigatoni With Chicken & Pesto,Frozen Foods
Crunchy Fish Sticks,Frozen Foods
Ice Cream Candy Bars,Frozen Foods
Chicken A' L'Orange With Rice,Frozen Foods
Pizza Classic Crust Pepperoni,Frozen Foods
Salmon With Basil Spa Cuisine Classics,Frozen Foods
Potato Bake Cheddar,Frozen Foods
Ravioli Large Cheese,Frozen Foods
Grape Juice Cocktail,Frozen Foods
Corner Bistro Stromboli Pepperoni & Provolone,Frozen Foods
Ice Cream Cookies 'n Cream Truffle Bar,Frozen Foods
Ice Cream Snacks Dibs Bite Size,Frozen Foods
Whole Life Meals Savory Turkey,Frozen Foods
Non-Dairy Frozen Vanilla Nutty Bar Dessert,Frozen Foods
Pizza Original Deluxe,Frozen Foods
Pizza For One Cheese,Frozen Foods
Chicken & Spinach Lasagna,Frozen Foods
Ice Cream Bars With Chocolaty Coating,Frozen Foods
Green Bean Casserole,Frozen Foods
Dinner Chicken Parmigiana & Penne,Frozen Foods
Rigatoni With Chicken & Pesto,Frozen Foods
Crunchy Fish Sticks,Frozen Foods
Ice Cream Candy Bars,Frozen Foods
Chicken A' L'Orange With Rice,Frozen Foods
Pizza Classic Crust Pepperoni,Frozen Foods
Salmon With Basil Spa Cuisine Classics,Frozen Foods
Potato Bake Cheddar,Frozen Foods
Ravioli Large Cheese,Frozen Foods
Grape Juice Cocktail,Frozen Foods
Corner Bistro Stromboli Pepperoni & Provolone,Frozen Foods
Ice Cream Cookies 'n Cream Truffle Bar,Frozen Foods
Ice Cream Snacks Dibs Bite Size,Frozen Foods
Whole Life Meals Savory Turkey,Frozen Foods
Non-Dairy Frozen Vanilla Nutty Bar Dessert,Frozen Foods
Pizza Original Deluxe,Frozen Foods
Pizza For One Cheese,Frozen Foods
Chicken & Spinach Lasagna,Frozen Foods
Ice Cream Bars With Chocolaty Coating,Frozen Foods
Green Bean Casserole,Frozen Foods
Dinner Chicken Parmigiana & Penne,Frozen Foods
Rigatoni With Chicken & Pesto,Frozen Foods
Crunchy Fish Sticks,Frozen Foods
Ice Cream Candy Bars,Frozen Foods
Chicken A' L'Orange With Rice,Frozen Foods
Pizza Classic Crust Pepperoni,Frozen Foods
Salmon With Basil Spa Cuisine Classics,Frozen Foods
Potato Bake Cheddar,Frozen Foods
Ravioli Large Cheese,Frozen Foods
Grape Juice Cocktail,Frozen Foods
Corner Bistro Stromboli Pepperoni & Provolone,Frozen Foods
Ice Cream Cookies 'n Cream Truffle Bar,Frozen Foods
Ice Cream Snacks Dibs Bite Size,Frozen Foods
Whole Life Meals Savory Turkey,Frozen Foods
Non-Dairy Frozen Vanilla Nutty Bar Dessert,Frozen Foods
Pizza Original Deluxe,Frozen Foods
Pizza For One Cheese,Frozen Foods
Chicken & Spinach Lasagna,Frozen Foods
Ice Cream Bars With Chocolaty Coating,Frozen Foods
Green Bean Casserole,Frozen Foods
Dinner Chicken Parmigiana & Penne,Frozen Foods
Rigatoni With Chicken & Pesto,Frozen Foods
Crunchy Fish Sticks,Frozen Foods
Ice Cream Candy Bars,Frozen Foods
Chicken A' L'Orange With Rice,Frozen Foods
Pizza Classic Crust Pepperoni,Frozen Foods
Salmon With Basil Spa Cuisine Classics,Frozen Foods
Potato Bake Cheddar,Frozen Foods
Ravioli Large Cheese,Frozen Foods
Grape Juice Cocktail,Frozen Foods
Corner Bistro Stromboli Pepperoni & Provolone,Frozen Foods
Ice Cream Cookies 'n Cream Truffle Bar,Frozen Foods
Ice Cream Snacks Dibs Bite Size,Frozen Foods
Whole Life Meals Savory Turkey,Frozen Foods
Non-Dairy Frozen Vanilla Nutty Bar Dessert,Frozen Foods
Pizza Original Deluxe,Frozen Foods
Pizza For One Cheese,Frozen Foods
Chicken & Spinach Lasagna,Frozen Foods
Ice Cream Bars With Chocolaty Coating,Frozen Foods
Green Bean Casserole,Frozen Foods
Dinner Chicken Parmigiana & Penne,Frozen Foods
Rigatoni With Chicken & Pesto,Frozen Foods
Crunchy Fish Sticks,Frozen Foods
Ice Cream Candy Bars,Frozen Foods
Chicken A' L'Orange With Rice,Frozen Foods
Pizza Classic Crust Pepperoni,Frozen Foods
Salmon With Basil Spa Cuisine Classics,Frozen Foods
Potato Bake Cheddar,Frozen Foods
Ravioli Large Cheese,Frozen Foods
Grape Juice Cocktail,Frozen Foods
Corner Bistro Stromboli Pepperoni & Provolone,Frozen Foods
Ice Cream Cookies 'n Cream Truffle Bar,Frozen Foods
Ice Cream Snacks Dibs Bite Size,Frozen Foods
Whole Life Meals Savory Turkey,Frozen Foods
Non-Dairy Frozen Vanilla Nutty Bar Dessert,Frozen Foods
Pizza Original Deluxe,Frozen Foods
Pizza For One Cheese,Frozen Foods
Chicken & Spinach Lasagna,Frozen Foods
Ice Cream Bars With Chocolaty Coating,Frozen Foods
Green Bean Casserole,Frozen Foods
Dinner Chicken Parmigiana & Penne,Frozen Foods
Rigatoni With Chicken & Pesto,Frozen Foods
Crunchy Fish Sticks,Frozen Foods
Ice Cream Candy Bars,Frozen Foods
Chicken A' L'Orange With Rice,Frozen Foods
Pizza Classic Crust Pepperoni,Frozen Foods
Salmon With Basil Spa Cuisine Classics,Frozen Foods
Potato Bake Cheddar,Frozen Foods
Ravioli Large Cheese,Frozen Foods
Grape Juice Cocktail,Frozen Foods
Corner Bistro Stromboli Pepperoni & Provolone,Frozen Foods
Ice Cream Cookies 'n Cream Truffle Bar,Frozen Foods
Ice Cream Snacks Dibs Bite Size,Frozen Foods
Whole Life Meals Savory Turkey,Frozen Foods
Non-Dairy Frozen Vanilla Nutty Bar Dessert,Frozen Foods
Pizza Original Deluxe,Frozen Foods
Pizza For One Cheese,Frozen Foods
Chicken & Spinach Lasagna,Frozen Foods
Ice Cream Bars With Chocolaty Coating,Frozen Foods
Green Bean Casserole,Frozen Foods
Dinner Chicken Parmigiana & Penne,Frozen Foods
Rigatoni With Chicken & Pesto,Frozen Foods
Crunchy Fish Sticks,Frozen Foods
Ice Cream Candy Bars,Frozen Foods
Shampoo Moisturizing 1,Hair Shampoo
Fruit Fusion Shampoo Color Protectent,Hair Shampoo
Nature's Gate Pomegranate Sunflower Hair Defense Shampoo,Hair Shampoo
Giovanni's One Shampoo Body Wash & Bubble Bath Tropical Medley,Hair Shampoo
Shampoo Professionals Humectant For Dry Hair,Hair Shampoo
Prell Shampoo Concentrate,Hair Shampoo
Shampoo-Fine Flat Volume,Hair Shampoo
Opposites Attract Protect And Soften Shampoo,Hair Shampoo
Shampoo Dandruff,Hair Shampoo
Shampoo Fortifying Moisture Works,Hair Shampoo
Shampoo Hydra Gloss Moisturizing Dry Hair,Hair Shampoo
Tomatoes Volumizing Shampoo,Hair Shampoo
Normalizing Shampoo,Hair Shampoo
Vive Pro Shampoo Smooth Intense,Hair Shampoo
1 Shampoo Plus Conditioner,Hair Shampoo
Shampoo Chamomile & Honey,Hair Shampoo
Head & Shoulders Green Apple 1 Dandruff Shampoo & Conditioner,Hair Shampoo
1 Shampoo And Conditioner Deep Conditioning Formula Plus For Unisex Conditioner,Hair Shampoo
Moist Shampoo,Hair Shampoo
Shampoo Body And Shine I Love My Hair,Hair Shampoo
Shampoo Moisturizing 1,Hair Shampoo
Fruit Fusion Shampoo Color Protectent,Hair Shampoo
Nature's Gate Pomegranate Sunflower Hair Defense Shampoo,Hair Shampoo
Giovanni's One Shampoo Body Wash & Bubble Bath Tropical Medley,Hair Shampoo
Shampoo Professionals Humectant For Dry Hair,Hair Shampoo
Prell Shampoo Concentrate,Hair Shampoo
Shampoo-Fine Flat Volume,Hair Shampoo
Opposites Attract Protect And Soften Shampoo,Hair Shampoo
Shampoo Dandruff,Hair Shampoo
Shampoo Fortifying Moisture Works,Hair Shampoo
Shampoo Hydra Gloss Moisturizing Dry Hair,Hair Shampoo
Tomatoes Volumizing Shampoo,Hair Shampoo
Normalizing Shampoo,Hair Shampoo
Vive Pro Shampoo Smooth Intense,Hair Shampoo
1 Shampoo Plus Conditioner,Hair Shampoo
Shampoo Chamomile & Honey,Hair Shampoo
Head & Shoulders Green Apple 1 Dandruff Shampoo & Conditioner,Hair Shampoo
1 Shampoo And Conditioner Deep Conditioning Formula Plus For Unisex Conditioner,Hair Shampoo
Moist Shampoo,Hair Shampoo
Shampoo Body And Shine I Love My Hair,Hair Shampoo
Shampoo Moisturizing 1,Hair Shampoo
Fruit Fusion Shampoo Color Protectent,Hair Shampoo
Nature's Gate Pomegranate Sunflower Hair Defense Shampoo,Hair Shampoo
Giovanni's One Shampoo Body Wash & Bubble Bath Tropical Medley,Hair Shampoo
Shampoo Professionals Humectant For Dry Hair,Hair Shampoo
Prell Shampoo Concentrate,Hair Shampoo
Shampoo-Fine Flat Volume,Hair Shampoo
Opposites Attract Protect And Soften Shampoo,Hair Shampoo
Shampoo Dandruff,Hair Shampoo
Shampoo Fortifying Moisture Works,Hair Shampoo
Shampoo Hydra Gloss Moisturizing Dry Hair,Hair Shampoo
Tomatoes Volumizing Shampoo,Hair Shampoo
Normalizing Shampoo,Hair Shampoo
Vive Pro Shampoo Smooth Intense,Hair Shampoo
1 Shampoo Plus Conditioner,Hair Shampoo
Shampoo Chamomile & Honey,Hair Shampoo
Head & Shoulders Green Apple 1 Dandruff Shampoo & Conditioner,Hair Shampoo
1 Shampoo And Conditioner Deep Conditioning Formula Plus For Unisex Conditioner,Hair Shampoo
Moist Shampoo,Hair Shampoo
Shampoo Body And Shine I Love My Hair,Hair Shampoo
Shampoo Moisturizing 1,Hair Shampoo
Fruit Fusion Shampoo Color Protectent,Hair Shampoo
Nature's Gate Pomegranate Sunflower Hair Defense Shampoo,Hair Shampoo
Giovanni's One Shampoo Body Wash & Bubble Bath Tropical Medley,Hair Shampoo
Shampoo Professionals Humectant For Dry Hair,Hair Shampoo
Prell Shampoo Concentrate,Hair Shampoo
Shampoo-Fine Flat Volume,Hair Shampoo
Opposites Attract Protect And Soften Shampoo,Hair Shampoo
Shampoo Dandruff,Hair Shampoo
Shampoo Fortifying Moisture Works,Hair Shampoo
Shampoo Hydra Gloss Moisturizing Dry Hair,Hair Shampoo
Tomatoes Volumizing Shampoo,Hair Shampoo
Normalizing Shampoo,Hair Shampoo
Vive Pro Shampoo Smooth Intense,Hair Shampoo
1 Shampoo Plus Conditioner,Hair Shampoo
Shampoo Chamomile & Honey,Hair Shampoo
Head & Shoulders Green Apple 1 Dandruff Shampoo & Conditioner,Hair Shampoo
1 Shampoo And Conditioner Deep Conditioning Formula Plus For Unisex Conditioner,Hair Shampoo
Moist Shampoo,Hair Shampoo
Shampoo Body And Shine I Love My Hair,Hair Shampoo
Shampoo Moisturizing 1,Hair Shampoo
Fruit Fusion Shampoo Color Protectent,Hair Shampoo
Nature's Gate Pomegranate Sunflower Hair Defense Shampoo,Hair Shampoo
Giovanni's One Shampoo Body Wash & Bubble Bath Tropical Medley,Hair Shampoo
Shampoo Professionals Humectant For Dry Hair,Hair Shampoo
Prell Shampoo Concentrate,Hair Shampoo
Shampoo-Fine Flat Volume,Hair Shampoo
Opposites Attract Protect And Soften Shampoo,Hair Shampoo
Shampoo Dandruff,Hair Shampoo
Shampoo Fortifying Moisture Works,Hair Shampoo
Shampoo Hydra Gloss Moisturizing Dry Hair,Hair Shampoo
Tomatoes Volumizing Shampoo,Hair Shampoo
Normalizing Shampoo,Hair Shampoo
Vive Pro Shampoo Smooth Intense,Hair Shampoo
1 Shampoo Plus Conditioner,Hair Shampoo
Shampoo Chamomile & Honey,Hair Shampoo
Head & Shoulders Green Apple 1 Dandruff Shampoo & Conditioner,Hair Shampoo
1 Shampoo And Conditioner Deep Conditioning Formula Plus For Unisex Conditioner,Hair Shampoo
Moist Shampoo,Hair Shampoo
Shampoo Body And Shine I Love My Hair,Hair Shampoo
Shampoo Moisturizing 1,Hair Shampoo
Fruit Fusion Shampoo Color Protectent,Hair Shampoo
Nature's Gate Pomegranate Sunflower Hair Defense Shampoo,Hair Shampoo
Giovanni's One Shampoo Body Wash & Bubble Bath Tropical Medley,Hair Shampoo
Shampoo Professionals Humectant For Dry Hair,Hair Shampoo
Prell Shampoo Concentrate,Hair Shampoo
Shampoo-Fine Flat Volume,Hair Shampoo
Opposites Attract Protect And Soften Shampoo,Hair Shampoo
Shampoo Dandruff,Hair Shampoo
Shampoo Fortifying Moisture Works,Hair Shampoo
Shampoo Hydra Gloss Moisturizing Dry Hair,Hair Shampoo
Tomatoes Volumizing Shampoo,Hair Shampoo
Normalizing Shampoo,Hair Shampoo
Vive Pro Shampoo Smooth Intense,Hair Shampoo
1 Shampoo Plus Conditioner,Hair Shampoo
Shampoo Chamomile & Honey,Hair Shampoo
Head & Shoulders Green Apple 1 Dandruff Shampoo & Conditioner,Hair Shampoo
1 Shampoo And Conditioner Deep Conditioning Formula Plus For Unisex Conditioner,Hair Shampoo
Moist Shampoo,Hair Shampoo
Shampoo Body And Shine I Love My Hair,Hair Shampoo
Shampoo Moisturizing 1,Hair Shampoo
Fruit Fusion Shampoo Color Protectent,Hair Shampoo
Nature's Gate Pomegranate Sunflower Hair Defense Shampoo,Hair Shampoo
Giovanni's One Shampoo Body Wash & Bubble Bath Tropical Medley,Hair Shampoo
Shampoo Professionals Humectant For Dry Hair,Hair Shampoo
Prell Shampoo Concentrate,Hair Shampoo
Shampoo-Fine Flat Volume,Hair Shampoo
Opposites Attract Protect And Soften Shampoo,Hair Shampoo
Shampoo Dandruff,Hair Shampoo
Shampoo Fortifying Moisture Works,Hair Shampoo
Shampoo Hydra Gloss Moisturizing Dry Hair,Hair Shampoo
Tomatoes Volumizing Shampoo,Hair Shampoo
Normalizing Shampoo,Hair Shampoo
Vive Pro Shampoo Smooth Intense,Hair Shampoo
1 Shampoo Plus Conditioner,Hair Shampoo
Shampoo Chamomile & Honey,Hair Shampoo
Head & Shoulders Green Apple 1 Dandruff Shampoo & Conditioner,Hair Shampoo
1 Shampoo And Conditioner Deep Conditioning Formula Plus For Unisex Conditioner,Hair Shampoo
Moist Shampoo,Hair Shampoo
Shampoo Body And Shine I Love My Hair,Hair Shampoo
Shampoo Moisturizing 1,Hair Shampoo
Fruit Fusion Shampoo Color Protectent,Hair Shampoo
Nature's Gate Pomegranate Sunflower Hair Defense Shampoo,Hair Shampoo
Giovanni's One Shampoo Body Wash & Bubble Bath Tropical Medley,Hair Shampoo
Shampoo Professionals Humectant For Dry Hair,Hair Shampoo
Prell Shampoo Concentrate,Hair Shampoo
Shampoo-Fine Flat Volume,Hair Shampoo
Opposites Attract Protect And Soften Shampoo,Hair Shampoo
Shampoo Dandruff,Hair Shampoo
Shampoo Fortifying Moisture Works,Hair Shampoo
Shampoo Hydra Gloss Moisturizing Dry Hair,Hair Shampoo
Tomatoes Volumizing Shampoo,Hair Shampoo
Normalizing Shampoo,Hair Shampoo
Vive Pro Shampoo Smooth Intense,Hair Shampoo
1 Shampoo Plus Conditioner,Hair Shampoo
Shampoo Chamomile & Honey,Hair Shampoo
Head & Shoulders Green Apple 1 Dandruff Shampoo & Conditioner,Hair Shampoo
1 Shampoo And Conditioner Deep Conditioning Formula Plus For Unisex Conditioner,Hair Shampoo
Moist Shampoo,Hair Shampoo
Shampoo Body And Shine I Love My Hair,Hair Shampoo
Shampoo Moisturizing 1,Hair Shampoo
Fruit Fusion Shampoo Color Protectent,Hair Shampoo
Nature's Gate Pomegranate Sunflower Hair Defense Shampoo,Hair Shampoo
Giovanni's One Shampoo Body Wash & Bubble Bath Tropical Medley,Hair Shampoo
Shampoo Professionals Humectant For Dry Hair,Hair Shampoo
Prell Shampoo Concentrate,Hair Shampoo
Shampoo-Fine Flat Volume,Hair Shampoo
Opposites Attract Protect And Soften Shampoo,Hair Shampoo
Shampoo Dandruff,Hair Shampoo
Shampoo Fortifying Moisture Works,Hair Shampoo
Shampoo Hydra Gloss Moisturizing Dry Hair,Hair Shampoo
Tomatoes Volumizing Shampoo,Hair Shampoo
Normalizing Shampoo,Hair Shampoo
Vive Pro Shampoo Smooth Intense,Hair Shampoo
1 Shampoo Plus Conditioner,Hair Shampoo
Shampoo Chamomile & Honey,Hair Shampoo
Head & Shoulders Green Apple 1 Dandruff Shampoo & Conditioner,Hair Shampoo
1 Shampoo And Conditioner Deep Conditioning Formula Plus For Unisex Conditioner,Hair Shampoo
Moist Shampoo,Hair Shampoo
Shampoo Body And Shine I Love My Hair,Hair Shampoo
Shampoo Moisturizing 1,Hair Shampoo
Fruit Fusion Shampoo Color Protectent,Hair Shampoo
Nature's Gate Pomegranate Sunflower Hair Defense Shampoo,Hair Shampoo
Giovanni's One Shampoo Body Wash & Bubble Bath Tropical Medley,Hair Shampoo
Shampoo Professionals Humectant For Dry Hair,Hair Shampoo
Prell Shampoo Concentrate,Hair Shampoo
Shampoo-Fine Flat Volume,Hair Shampoo
Opposites Attract Protect And Soften Shampoo,Hair Shampoo
Shampoo Dandruff,Hair Shampoo
Shampoo Fortifying Moisture Works,Hair Shampoo
Shampoo Hydra Gloss Moisturizing Dry Hair,Hair Shampoo
Tomatoes Volumizing Shampoo,Hair Shampoo
Normalizing Shampoo,Hair Shampoo
Vive Pro Shampoo Smooth Intense,Hair Shampoo
1 Shampoo Plus Conditioner,Hair Shampoo
Shampoo Chamomile & Honey,Hair Shampoo
Head & Shoulders Green Apple 1 Dandruff Shampoo & Conditioner,Hair Shampoo
1 Shampoo And Conditioner Deep Conditioning Formula Plus For Unisex Conditioner,Hair Shampoo
Moist Shampoo,Hair Shampoo
Shampoo Body And Shine I Love My Hair,Hair Shampoo
Shampoo Moisturizing 1,Hair Shampoo
Fruit Fusion Shampoo Color Protectent,Hair Shampoo
Nature's Gate Pomegranate Sunflower Hair Defense Shampoo,Hair Shampoo
Giovanni's One Shampoo Body Wash & Bubble Bath Tropical Medley,Hair Shampoo
Shampoo Professionals Humectant For Dry Hair,Hair Shampoo
Prell Shampoo Concentrate,Hair Shampoo
Shampoo-Fine Flat Volume,Hair Shampoo
Opposites Attract Protect And Soften Shampoo,Hair Shampoo
Shampoo Dandruff,Hair Shampoo
Shampoo Fortifying Moisture Works,Hair Shampoo
Shampoo Hydra Gloss Moisturizing Dry Hair,Hair Shampoo
Tomatoes Volumizing Shampoo,Hair Shampoo
Normalizing Shampoo,Hair Shampoo
Vive Pro Shampoo Smooth Intense,Hair Shampoo
1 Shampoo Plus Conditioner,Hair Shampoo
Shampoo Chamomile & Honey,Hair Shampoo
Head & Shoulders Green Apple 1 Dandruff Shampoo & Conditioner,Hair Shampoo
1 Shampoo And Conditioner Deep Conditioning Formula Plus For Unisex Conditioner,Hair Shampoo
Moist Shampoo,Hair Shampoo
Shampoo Body And Shine I Love My Hair,Hair Shampoo
Shampoo Moisturizing 1,Hair Shampoo
Fruit Fusion Shampoo Color Protectent,Hair Shampoo
Nature's Gate Pomegranate Sunflower Hair Defense Shampoo,Hair Shampoo
Giovanni's One Shampoo Body Wash & Bubble Bath Tropical Medley,Hair Shampoo
Shampoo Professionals Humectant For Dry Hair,Hair Shampoo
Prell Shampoo Concentrate,Hair Shampoo
Shampoo-Fine Flat Volume,Hair Shampoo
Opposites Attract Protect And Soften Shampoo,Hair Shampoo
Shampoo Dandruff,Hair Shampoo
Shampoo Fortifying Moisture Works,Hair Shampoo
Shampoo Hydra Gloss Moisturizing Dry Hair,Hair Shampoo
Tomatoes Volumizing Shampoo,Hair Shampoo
Normalizing Shampoo,Hair Shampoo
Vive Pro Shampoo Smooth Intense,Hair Shampoo
1 Shampoo Plus Conditioner,Hair Shampoo
Shampoo Chamomile & Honey,Hair Shampoo
Head & Shoulders Green Apple 1 Dandruff Shampoo & Conditioner,Hair Shampoo
1 Shampoo And Conditioner Deep Conditioning Formula Plus For Unisex Conditioner,Hair Shampoo
Moist Shampoo,Hair Shampoo
Shampoo Body And Shine I Love My Hair,Hair Shampoo
Shampoo Moisturizing 1,Hair Shampoo
Fruit Fusion Shampoo Color Protectent,Hair Shampoo
Nature's Gate Pomegranate Sunflower Hair Defense Shampoo,Hair Shampoo
Giovanni's One Shampoo Body Wash & Bubble Bath Tropical Medley,Hair Shampoo
Shampoo Professionals Humectant For Dry Hair,Hair Shampoo
Prell Shampoo Concentrate,Hair Shampoo
Shampoo-Fine Flat Volume,Hair Shampoo
Opposites Attract Protect And Soften Shampoo,Hair Shampoo
Shampoo Dandruff,Hair Shampoo
Shampoo Fortifying Moisture Works,Hair Shampoo
Shampoo Hydra Gloss Moisturizing Dry Hair,Hair Shampoo
Tomatoes Volumizing Shampoo,Hair Shampoo
Normalizing Shampoo,Hair Shampoo
Vive Pro Shampoo Smooth Intense,Hair Shampoo
1 Shampoo Plus Conditioner,Hair Shampoo
Shampoo Chamomile & Honey,Hair Shampoo
Head & Shoulders Green Apple 1 Dandruff Shampoo & Conditioner,Hair Shampoo
1 Shampoo And Conditioner Deep Conditioning Formula Plus For Unisex Conditioner,Hair Shampoo
Moist Shampoo,Hair Shampoo
Shampoo Body And Shine I Love My Hair,Hair Shampoo
Shampoo Moisturizing 1,Hair Shampoo
Fruit Fusion Shampoo Color Protectent,Hair Shampoo
Nature's Gate Pomegranate Sunflower Hair Defense Shampoo,Hair Shampoo
Giovanni's One Shampoo Body Wash & Bubble Bath Tropical Medley,Hair Shampoo
Shampoo Professionals Humectant For Dry Hair,Hair Shampoo
Prell Shampoo Concentrate,Hair Shampoo
Shampoo-Fine Flat Volume,Hair Shampoo
Opposites Attract Protect And Soften Shampoo,Hair Shampoo
Shampoo Dandruff,Hair Shampoo
Shampoo Fortifying Moisture Works,Hair Shampoo
Shampoo Hydra Gloss Moisturizing Dry Hair,Hair Shampoo
Tomatoes Volumizing Shampoo,Hair Shampoo
Normalizing Shampoo,Hair Shampoo
Vive Pro Shampoo Smooth Intense,Hair Shampoo
1 Shampoo Plus Conditioner,Hair Shampoo
Shampoo Chamomile & Honey,Hair Shampoo
Head & Shoulders Green Apple 1 Dandruff Shampoo & Conditioner,Hair Shampoo
1 Shampoo And Conditioner Deep Conditioning Formula Plus For Unisex Conditioner,Hair Shampoo
Moist Shampoo,Hair Shampoo
Shampoo Body And Shine I Love My Hair,Hair Shampoo
100% Natural Sparkling Juice Blackberry,Soda
Seltzer Raspberry Flavored,Soda
Sparkling Pomegranate,Soda
Aranciata Orange,Soda
Coke Zero,Soda
Soda,Soda
Coke Zero,Soda
Cola Caffeine Free Diet,Soda
Soda Lemon-Lime Diet,Soda
Cream Soda,Soda
Tonic Water. Contains Quinine,Soda
Thirst Quencher Citrus Soda. Caffeine Free,Soda
Diet Cherry Soda,Soda
Club Soda,Soda
Soda Cola Zero Calorie Free,Soda
Root Beer,Soda
Soda Natural Cola,Soda
Soda Diet,Soda
Diet Coke,Soda
Next Mango Soda,Soda
100% Natural Sparkling Juice Blackberry,Soda
Seltzer Raspberry Flavored,Soda
Sparkling Pomegranate,Soda
Aranciata Orange,Soda
Coke Zero,Soda
Soda,Soda
Coke Zero,Soda
Cola Caffeine Free Diet,Soda
Soda Lemon-Lime Diet,Soda
Cream Soda,Soda
Tonic Water. Contains Quinine,Soda
Thirst Quencher Citrus Soda. Caffeine Free,Soda
Diet Cherry Soda,Soda
Club Soda,Soda
Soda Cola Zero Calorie Free,Soda
Root Beer,Soda
Soda Natural Cola,Soda
Soda Diet,Soda
Diet Coke,Soda
Next Mango Soda,Soda
100% Natural Sparkling Juice Blackberry,Soda
Seltzer Raspberry Flavored,Soda
Sparkling Pomegranate,Soda
Aranciata Orange,Soda
Coke Zero,Soda
Soda,Soda
Coke Zero,Soda
Cola Caffeine Free Diet,Soda
Soda Lemon-Lime Diet,Soda
Cream Soda,Soda
Tonic Water. Contains Quinine,Soda
Thirst Quencher Citrus Soda. Caffeine Free,Soda
Diet Cherry Soda,Soda
Club Soda,Soda
Soda Cola Zero Calorie Free,Soda
Root Beer,Soda
Soda Natural Cola,Soda
Soda Diet,Soda
Diet Coke,Soda
Next Mango Soda,Soda
100% Natural Sparkling Juice Blackberry,Soda
Seltzer Raspberry Flavored,Soda
Sparkling Pomegranate,Soda
Aranciata Orange,Soda
Coke Zero,Soda
Soda,Soda
Coke Zero,Soda
Cola Caffeine Free Diet,Soda
Soda Lemon-Lime Diet,Soda
Cream Soda,Soda
Tonic Water. Contains Quinine,Soda
Thirst Quencher Citrus Soda. Caffeine Free,Soda
Diet Cherry Soda,Soda
Club Soda,Soda
Soda Cola Zero Calorie Free,Soda
Root Beer,Soda
Soda Natural Cola,Soda
Soda Diet,Soda
Diet Coke,Soda
Next Mango Soda,Soda
100% Natural Sparkling Juice Blackberry,Soda
Seltzer Raspberry Flavored,Soda
Sparkling Pomegranate,Soda
Aranciata Orange,Soda
Coke Zero,Soda
Soda,Soda
Coke Zero,Soda
Cola Caffeine Free Diet,Soda
Soda Lemon-Lime Diet,Soda
Cream Soda,Soda
Tonic Water. Contains Quinine,Soda
Thirst Quencher Citrus Soda. Caffeine Free,Soda
Diet Cherry Soda,Soda
Club Soda,Soda
Soda Cola Zero Calorie Free,Soda
Root Beer,Soda
Soda Natural Cola,Soda
Soda Diet,Soda
Diet Coke,Soda
Next Mango Soda,Soda
100% Natural Sparkling Juice Blackberry,Soda
Seltzer Raspberry Flavored,Soda
Sparkling Pomegranate,Soda
Aranciata Orange,Soda
Coke Zero,Soda
Soda,Soda
Coke Zero,Soda
Cola Caffeine Free Diet,Soda
Soda Lemon-Lime Diet,Soda
Cream Soda,Soda
Tonic Water. Contains Quinine,Soda
Thirst Quencher Citrus Soda. Caffeine Free,Soda
Diet Cherry Soda,Soda
Club Soda,Soda
Soda Cola Zero Calorie Free,Soda
Root Beer,Soda
Soda Natural Cola,Soda
Soda Diet,Soda
Diet Coke,Soda
Next Mango Soda,Soda
100% Natural Sparkling Juice Blackberry,Soda
Seltzer Raspberry Flavored,Soda
Sparkling Pomegranate,Soda
Aranciata Orange,Soda
Coke Zero,Soda
Soda,Soda
Coke Zero,Soda
Cola Caffeine Free Diet,Soda
Soda Lemon-Lime Diet,Soda
Cream Soda,Soda
Tonic Water. Contains Quinine,Soda
Thirst Quencher Citrus Soda. Caffeine Free,Soda
Diet Cherry Soda,Soda
Club Soda,Soda
Soda Cola Zero Calorie Free,Soda
Root Beer,Soda
Soda Natural Cola,Soda
Soda Diet,Soda
Diet Coke,Soda
Next Mango Soda,Soda
100% Natural Sparkling Juice Blackberry,Soda
Seltzer Raspberry Flavored,Soda
Sparkling Pomegranate,Soda
Aranciata Orange,Soda
Coke Zero,Soda
Soda,Soda
Coke Zero,Soda
Cola Caffeine Free Diet,Soda
Soda Lemon-Lime Diet,Soda
Cream Soda,Soda
Tonic Water. Contains Quinine,Soda
Thirst Quencher Citrus Soda. Caffeine Free,Soda
Diet Cherry Soda,Soda
Club Soda,Soda
Soda Cola Zero Calorie Free,Soda
Root Beer,Soda
Soda Natural Cola,Soda
Soda Diet,Soda
Diet Coke,Soda
Next Mango Soda,Soda
100% Natural Sparkling Juice Blackberry,Soda
Seltzer Raspberry Flavored,Soda
Sparkling Pomegranate,Soda
Aranciata Orange,Soda
Coke Zero,Soda
Soda,Soda
Coke Zero,Soda
Cola Caffeine Free Diet,Soda
Soda Lemon-Lime Diet,Soda
Cream Soda,Soda
Tonic Water. Contains Quinine,Soda
Thirst Quencher Citrus Soda. Caffeine Free,Soda
Diet Cherry Soda,Soda
Club Soda,Soda
Soda Cola Zero Calorie Free,Soda
Root Beer,Soda
Soda Natural Cola,Soda
Soda Diet,Soda
Diet Coke,Soda
Next Mango Soda,Soda
100% Natural Sparkling Juice Blackberry,Soda
Seltzer Raspberry Flavored,Soda
Sparkling Pomegranate,Soda
Aranciata Orange,Soda
Coke Zero,Soda
Soda,Soda
Coke Zero,Soda
Cola Caffeine Free Diet,Soda
Soda Lemon-Lime Diet,Soda
Cream Soda,Soda
Tonic Water. Contains Quinine,Soda
Thirst Quencher Citrus Soda. Caffeine Free,Soda
Diet Cherry Soda,Soda
Club Soda,Soda
Soda Cola Zero Calorie Free,Soda
Root Beer,Soda
Soda Natural Cola,Soda
Soda Diet,Soda
Diet Coke,Soda
Next Mango Soda,Soda
100% Natural Sparkling Juice Blackberry,Soda
Seltzer Raspberry Flavored,Soda
Sparkling Pomegranate,Soda
Aranciata Orange,Soda
Coke Zero,Soda
Soda,Soda
Coke Zero,Soda
Cola Caffeine Free Diet,Soda
Soda Lemon-Lime Diet,Soda
Cream Soda,Soda
Tonic Water. Contains Quinine,Soda
Thirst Quencher Citrus Soda. Caffeine Free,Soda
Diet Cherry Soda,Soda
Club Soda,Soda
Soda Cola Zero Calorie Free,Soda
Root Beer,Soda
Soda Natural Cola,Soda
Soda Diet,Soda
Diet Coke,Soda
Next Mango Soda,Soda
100% Natural Sparkling Juice Blackberry,Soda
Seltzer Raspberry Flavored,Soda
Sparkling Pomegranate,Soda
Aranciata Orange,Soda
Coke Zero,Soda
Soda,Soda
Coke Zero,Soda
Cola Caffeine Free Diet,Soda
Soda Lemon-Lime Diet,Soda
Cream Soda,Soda
Tonic Water. Contains Quinine,Soda
Thirst Quencher Citrus Soda. Caffeine Free,Soda
Diet Cherry Soda,Soda
Club Soda,Soda
Soda Cola Zero Calorie Free,Soda
Root Beer,Soda
Soda Natural Cola,Soda
Soda Diet,Soda
Diet Coke,Soda
Next Mango Soda,Soda
100% Natural Sparkling Juice Blackberry,Soda
Seltzer Raspberry Flavored,Soda
Sparkling Pomegranate,Soda
Aranciata Orange,Soda
Coke Zero,Soda
Soda,Soda
Coke Zero,Soda
Cola Caffeine Free Diet,Soda
Soda Lemon-Lime Diet,Soda
Cream Soda,Soda
Tonic Water. Contains Quinine,Soda
Thirst Quencher Citrus Soda. Caffeine Free,Soda
Diet Cherry Soda,Soda
Club Soda,Soda
Soda Cola Zero Calorie Free,Soda
Root Beer,Soda
Soda Natural Cola,Soda
Soda Diet,Soda
Diet Coke,Soda
Next Mango Soda,Soda
100% Natural Sparkling Juice Blackberry,Soda
Seltzer Raspberry Flavored,Soda
Sparkling Pomegranate,Soda
Aranciata Orange,Soda
Coke Zero,Soda
Soda,Soda
Coke Zero,Soda
Cola Caffeine Free Diet,Soda
Soda Lemon-Lime Diet,Soda
Cream Soda,Soda
Tonic Water. Contains Quinine,Soda
Thirst Quencher Citrus Soda. Caffeine Free,Soda
Diet Cherry Soda,Soda
Club Soda,Soda
Soda Cola Zero Calorie Free,Soda
Root Beer,Soda
Soda Natural Cola,Soda
Soda Diet,Soda
Diet Coke,Soda
Next Mango Soda,Soda
